Workbook

Sheet Hasil Ekstraksi
A1: No | B1: Nama Perusahaan | C1: Job Title | D1: Extracted Hard Skills | E1: Extracted Soft Skills
A2: 1 | B2: tiket.com | C2: Software Engineer I (Things To Do & Events) | D2: Golang, API Development, NoSQL Database, Redis, CI/CD Pipeline, Kafka, RabbitMQ | E2: Analytical Thinking, Ownership Mindset, Communication Skills, Learning Agility, Time Management
A3: 2 | B3: PT DAYA CIPTA MANDIRI SOLUSI | C3: Java Spring Boot developer | D3: Java Spring Boot, SQL, Oracle Database, CI/CD Pipeline, Technical Documentation | E3: Analytical Thinking, Learning Agility, Integrity & Discipline
A4: 3 | B4: Kredivo Group | C4: Backend Engineer - Golang (SDE 1) | D4: Golang, Node.js, C++, REST API, Linux, AWS, Google Cloud Platform | E4: Problem Solving, Communication Skills, Attention to Detail, Team Collaboration, Creative Thinking
A5: 4 | B5: Dealls – Jobs, CV & Mentoring | C5: Senior Backend Engineer | D5: Golang, PostgreSQL, REST API, GraphQL, Message Queue, Kafka, RabbitMQ | E5: Ownership Mindset, Cross-Functional Collaboration, Integrity & Discipline
A6: 5 | B6: Qoala | C6: Senior Software Engineer (Backend) | D6: Golang, REST API, SQL, NoSQL Database, Elasticsearch, Docker, Kubernetes | E6: Problem Solving, Ownership Mindset, Cross-Functional Collaboration, Learning Agility, Proactive Initiative
A7: 6 | B7: tiket.com | C7: Software Engineer I | D7: Java, Golang, API Development, NoSQL Database, Git, Database Design, Debugging & Troubleshooting | E7: Analytical Thinking, Ownership Mindset, Cross-Functional Collaboration, Learning Agility, Independent Work
A8: 7 | B8: Kredivo Group | C8: Backend Engineer - Golang (SDE II) | D8: Golang, Node.js, C++, REST API, Linux, AWS, Google Cloud Platform | E8: Problem Solving, Communication Skills, Attention to Detail, Team Collaboration, Creative Thinking
A9: 8 | B9: Grab | C9: Senior Software Engineer, Backend | D9: Golang, Java, Prometheus & Grafana, gRPC, REST API, Kafka, AI-Assisted Development | E9: -
A10: 9 | B10: Noraa & Co. | C10: Senior Backend Engineer | D10: Java, Golang, Node.js, Python, PHP, CI/CD Pipeline, PostgreSQL | E10: Ownership Mindset, Communication Skills, Cross-Functional Collaboration
A11: 10 | B11: Traveloka | C11: Software Backend Engineer- Central Tech | D11: Golang, Java, Python, API Development, Scalable Systems, Performance Optimization, Debugging & Troubleshooting | E11: Problem Solving, Ownership Mindset, Cross-Functional Collaboration, Learning Agility, Proactive Initiative
A12: 11 | B12: PT. Akhdani Reka Solusi | C12: Software Engineer | D12: Golang, Python, Java Spring Boot, PHP, Laravel, .NET Core, API Development | E12: Communication Skills, Learning Agility
A13: 12 | B13: Vodjo | C13: Go Developer | D13: Golang, REST API, Git, Linux, Scalable Systems, Security Best Practices, Software Testing | E13: -
... A84: 83 | B84: PT Astra International Tbk | C84: Web Developer - GSI | D84: .NET Core, PHP, Debugging & Troubleshooting | E84: Communication Skills, Learning Agility, Team Collaboration, Independent Work

Sheet Ringkasan Hard Skills
A1: No | B1: Skill | C1: Jumlah Lowongan | D1: % dari Lowongan
A2: 1 | B2: Golang | C2: =SUMPRODUCT(--ISNUMBER(SEARCH(", "&$B2&",",", "&'Hasil Ekstraksi'!$D$2:$D$84&","))) -> 42 | D2: =C2/COUNTA('Hasil Ekstraksi'!$A$2:$A$84) -> 0.5060241
A3: 2 | B3: REST API | C3: =SUMPRODUCT(--ISNUMBER(SEARCH(", "&$B3&",",", "&'Hasil Ekstraksi'!$D$2:$D$84&","))) -> 34 | D3: =C3/COUNTA('Hasil Ekstraksi'!$A$2:$A$84) -> 0.40963855
A4: 3 | B4: Java | C4: =SUMPRODUCT(--ISNUMBER(SEARCH(", "&$B4&",",", "&'Hasil Ekstraksi'!$D$2:$D$84&","))) -> 25 | D4: =C4/COUNTA('Hasil Ekstraksi'!$A$2:$A$84) -> 0.30120482
A5: 4 | B5: Python | C5: =SUMPRODUCT(--ISNUMBER(SEARCH(", "&$B5&",",", "&'Hasil Ekstraksi'!$D$2:$D$84&","))) -> 24 | D5: =C5/COUNTA('Hasil Ekstraksi'!$A$2:$A$84) -> 0.28915663
A6: 5 | B6: PostgreSQL | C6: =SUMPRODUCT(--ISNUMBER(SEARCH(", "&$B6&",",", "&'Hasil Ekstraksi'!$D$2:$D$84&","))) -> 23 | D6: =C6/COUNTA('Hasil Ekstraksi'!$A$2:$A$84) -> 0.27710843
A7: 6 | B7: SQL | C7: =SUMPRODUCT(--ISNUMBER(SEARCH(", "&$B7&",",", "&'Hasil Ekstraksi'!$D$2:$D$84&","))) -> 23 | D7: =C7/COUNTA('Hasil Ekstraksi'!$A$2:$A$84) -> 0.27710843
A8: 7 | B8: Git | C8: =SUMPRODUCT(--ISNUMBER(SEARCH(", "&$B8&",",", "&'Hasil Ekstraksi'!$D$2:$D$84&","))) -> 22 | D8: =C8/COUNTA('Hasil Ekstraksi'!$A$2:$A$84) -> 0.26506024
A9: 8 | B9: MySQL | C9: =SUMPRODUCT(--ISNUMBER(SEARCH(", "&$B9&",",", "&'Hasil Ekstraksi'!$D$2:$D$84&","))) -> 22 | D9: =C9/COUNTA('Hasil Ekstraksi'!$A$2:$A$84) -> 0.26506024
A10: 9 | B10: Node.js | C10: =SUMPRODUCT(--ISNUMBER(SEARCH(", "&$B10&",",", "&'Hasil Ekstraksi'!$D$2:$D$84&","))) -> 20 | D10: =C10/COUNTA('Hasil Ekstraksi'!$A$2:$A$84) -> 0.24096386
A11: 10 | B11: API Development | C11: =SUMPRODUCT(--ISNUMBER(SEARCH(", "&$B11&",",", "&'Hasil Ekstraksi'!$D$2:$D$84&","))) -> 18 | D11: =C11/COUNTA('Hasil Ekstraksi'!$A$2:$A$84) -> 0.21686747
A12: 11 | B12: Java Spring Boot | C12: =SUMPRODUCT(--ISNUMBER(SEARCH(", "&$B12&",",", "&'Hasil Ekstraksi'!$D$2:$D$84&","))) -> 17 | D12: =C12/COUNTA('Hasil Ekstraksi'!$A$2:$A$84) -> 0.20481928
A13: 12 | B13: CI/CD Pipeline | C13: =SUMPRODUCT(--ISNUMBER(SEARCH(", "&$B13&",",", "&'Hasil Ekstraksi'!$D$2:$D$84&","))) -> 15 | D13: =C13/COUNTA('Hasil Ekstraksi'!$A$2:$A$84) -> 0.18072289
... A60: 59 | B60: Odoo | C60: =SUMPRODUCT(--ISNUMBER(SEARCH(", "&$B60&",",", "&'Hasil Ekstraksi'!$D$2:$D$84&","))) -> 1 | D60: =C60/COUNTA('Hasil Ekstraksi'!$A$2:$A$84) -> 0.012048193

Sheet Ringkasan Soft Skills
A1: No | B1: Skill | C1: Jumlah Lowongan | D1: % dari Lowongan
A2: 1 | B2: Cross-Functional Collaboration | C2: =SUMPRODUCT(--ISNUMBER(SEARCH(", "&$B2&",",", "&'Hasil Ekstraksi'!$E$2:$E$84&","))) -> 42 | D2: =C2/COUNTA('Hasil Ekstraksi'!$A$2:$A$84) -> 0.5060241
A3: 2 | B3: Problem Solving | C3: =SUMPRODUCT(--ISNUMBER(SEARCH(", "&$B3&",",", "&'Hasil Ekstraksi'!$E$2:$E$84&","))) -> 32 | D3: =C3/COUNTA('Hasil Ekstraksi'!$A$2:$A$84) -> 0.38554217
A4: 3 | B4: Learning Agility | C4: =SUMPRODUCT(--ISNUMBER(SEARCH(", "&$B4&",",", "&'Hasil Ekstraksi'!$E$2:$E$84&","))) -> 31 | D4: =C4/COUNTA('Hasil Ekstraksi'!$A$2:$A$84) -> 0.37349398
A5: 4 | B5: Communication Skills | C5: =SUMPRODUCT(--ISNUMBER(SEARCH(", "&$B5&",",", "&'Hasil Ekstraksi'!$E$2:$E$84&","))) -> 26 | D5: =C5/COUNTA('Hasil Ekstraksi'!$A$2:$A$84) -> 0.31325301
A6: 5 | B6: Analytical Thinking | C6: =SUMPRODUCT(--ISNUMBER(SEARCH(", "&$B6&",",", "&'Hasil Ekstraksi'!$E$2:$E$84&","))) -> 23 | D6: =C6/COUNTA('Hasil Ekstraksi'!$A$2:$A$84) -> 0.27710843
A7: 6 | B7: Ownership Mindset | C7: =SUMPRODUCT(--ISNUMBER(SEARCH(", "&$B7&",",", "&'Hasil Ekstraksi'!$E$2:$E$84&","))) -> 18 | D7: =C7/COUNTA('Hasil Ekstraksi'!$A$2:$A$84) -> 0.21686747
A8: 7 | B8: Proactive Initiative | C8: =SUMPRODUCT(--ISNUMBER(SEARCH(", "&$B8&",",", "&'Hasil Ekstraksi'!$E$2:$E$84&","))) -> 14 | D8: =C8/COUNTA('Hasil Ekstraksi'!$A$2:$A$84) -> 0.1686747
A9: 8 | B9: Attention to Detail | C9: =SUMPRODUCT(--ISNUMBER(SEARCH(", "&$B9&",",", "&'Hasil Ekstraksi'!$E$2:$E$84&","))) -> 13 | D9: =C9/COUNTA('Hasil Ekstraksi'!$A$2:$A$84) -> 0.15662651
A10: 9 | B10: Team Leadership | C10: =SUMPRODUCT(--ISNUMBER(SEARCH(", "&$B10&",",", "&'Hasil Ekstraksi'!$E$2:$E$84&","))) -> 12 | D10: =C10/COUNTA('Hasil Ekstraksi'!$A$2:$A$84) -> 0.14457831
A11: 10 | B11: Team Collaboration | C11: =SUMPRODUCT(--ISNUMBER(SEARCH(", "&$B11&",",", "&'Hasil Ekstraksi'!$E$2:$E$84&","))) -> 10 | D11: =C11/COUNTA('Hasil Ekstraksi'!$A$2:$A$84) -> 0.12048193
A12: 11 | B12: Independent Work | C12: =SUMPRODUCT(--ISNUMBER(SEARCH(", "&$B12&",",", "&'Hasil Ekstraksi'!$E$2:$E$84&","))) -> 7 | D12: =C12/COUNTA('Hasil Ekstraksi'!$A$2:$A$84) -> 0.084337349
A13: 12 | B13: Product Mindset | C13: =SUMPRODUCT(--ISNUMBER(SEARCH(", "&$B13&",",", "&'Hasil Ekstraksi'!$E$2:$E$84&","))) -> 7 | D13: =C13/COUNTA('Hasil Ekstraksi'!$A$2:$A$84) -> 0.084337349
... A18: 17 | B18: Results Orientation | C18: =SUMPRODUCT(--ISNUMBER(SEARCH(", "&$B18&",",", "&'Hasil Ekstraksi'!$E$2:$E$84&","))) -> 1 | D18: =C18/COUNTA('Hasil Ekstraksi'!$A$2:$A$84) -> 0.012048193
