Workbook

Sheet Item_SJT
A1: Item_ID | B1: Target_Skill | C1: Dimension | D1: Behavioral_Indicator | E1: Scenario | F1: Option_A | G1: Option_B | H1: Option_C | I1: Option_D | J1: Effectiveness_A | K1: Effectiveness_B | L1: Effectiveness_C | M1: Effectiveness_D | N1: Weight_A | O1: Weight_B | P1: Weight_C | Q1: Weight_D | R1: Most_Effective_Key | S1: Least_Effective_Key | T1: Psychometric_Rationale | U1: Career_Coaching_Feedback
A2: SJT-KOL-01 | B2: Kolaborasi Tim & Lintas Fungsi | C2: Manajemen Konflik / Pemecahan Masalah Bersama | D2: Mengatasi ketidakseimbangan kontribusi rekan dalam proyek bersama | E2: Kamu satu kelompok dengan empat teman untuk tugas besar mata kuliah Pengantar Manajemen. Dua minggu menjelang pengumpulan, Bimo belum mengirimkan bagian tugasnya dan jarang menjawab pesan di grup. Anggota lain mulai mengeluh di belakang. Kamu bukan ketua kelompok, tetapi nilai tugas ini ditanggung bersama dan waktu semakin sempit. Kamu ingin tugas selesai dengan baik tanpa merusak suasana kelompok. | F2: Mengambil alih bagian Bimo supaya tugas kelompok tetap selesai tepat waktu. | G2: Berbicara dengan Bimo secara pribadi untuk memahami kendalanya dan menyepakati tenggat baru. | H2: Menegur Bimo di grup chat di depan semua anggota agar ia segera bekerja. | I2: Menunggu beberapa hari lagi sambil berharap Bimo mengirimkan bagiannya sendiri. | J2: Sub-optimal | K2: Most Effective | L2: Active Bad | M2: Passive Bad | N2: 3 | O2: 4 | P2: 2 | Q2: 1 | R2: B | S2: D | T2: Kunci (B) mencerminkan Teamwork KSA: ketimpangan kontribusi ditangani lewat komunikasi langsung dan pribadi sehingga akar masalah dapat dipahami. Opsi A sub-optimal: niat menyelamatkan tugas baik, tetapi pola ketimpangan dibiarkan dan beban menumpuk pada diri sendiri. Opsi C active bad: menegur di ruang publik merusak relasi dan memicu sikap defensif. Opsi D passive bad: menghindari konflik sementara risiko tenggat terus membesar. | U2: Dalam kerja kelompok, bicarakan masalah kontribusi secara langsung dan empatik sebelum melibatkan pihak lain. Tanyakan kendalanya, bukan menuduh. Kebiasaan ini menjadi dasar kemampuan menangani konflik tim saat magang dan bekerja.
A3: SJT-KOL-02 | B3: Kolaborasi Tim & Lintas Fungsi | C3: Penyelarasan & Kolaborasi Lintas Departemen | D3: Berbagi informasi secara proaktif dan memanfaatkan keahlian tim yang beragam | E3: Kamu menjadi anggota tim lomba karya tulis yang terdiri dari mahasiswa Teknik, Ekonomi, dan Desain. Dalam rapat pertama, tiap jurusan memakai istilah berbeda dan cenderung mengerjakan bagiannya sendiri-sendiri. Kamu khawatir hasil akhirnya terpecah karena belum ada pemahaman bersama tentang alur karya. Ketua tim sedang sibuk ujian sehingga belum bisa memimpin penyelarasan. Kamu ingin karya tim ini terasa utuh dan saling melengkapi. | F3: Mengerjakan bagian jurusanmu saja sambil menunggu ketua tim selesai ujian untuk menyatukannya. | G3: Menyusun sendiri seluruh kerangka karya dari sudut pandang jurusanmu lalu meminta semua anggota mengikutinya. | H3: Meminta setiap anggota menulis ringkasan bagiannya untuk digabung oleh ketua tim nanti. | I3: Mengusulkan pertemuan singkat agar tiap jurusan memaparkan keahliannya dan menyepakati alur karya. | J3: Passive Bad | K3: Active Bad | L3: Sub-optimal | M3: Most Effective | N3: 1 | O3: 2 | P3: 3 | Q3: 4 | R3: D | S3: A | T3: Kunci (D) menunjukkan penyelarasan lintas fungsi: informasi dibagikan secara proaktif, keahlian beragam dimanfaatkan, dan pemahaman bersama dibangun sebelum eksekusi. Opsi C sub-optimal karena berbagi informasi tanpa dialog, sehingga kesenjangan istilah tetap ada. Opsi B active bad karena memaksakan satu perspektif dan mengabaikan keahlian lain. Opsi A passive bad karena mempertahankan sekat kerja (silo) dan menunda penyelarasan. | U3: Tim lintas jurusan menghasilkan karya terbaik bila semua orang memahami tujuan dan keahlian satu sama lain sejak awal. Jangan menunggu diminta; inisiatif membuka diskusi singkat adalah ciri rekan kerja lintas fungsi yang dicari perekrut.
A4: SJT-KOL-03 | B4: Kolaborasi Tim & Lintas Fungsi | C4: Pengambilan Perspektif & Keterbukaan | D4: Akomodatif terhadap sudut pandang anggota lain dan fleksibel dalam bekerja sama | E4: Dalam kerja kelompok presentasi, kamu sudah menyiapkan konsep slide dengan banyak grafik. Saat rapat, Sinta mengusulkan konsep yang lebih sederhana karena audiens hanya punya waktu singkat untuk membaca. Beberapa anggota tampak setuju dengan Sinta, sementara kamu merasa konsepmu lebih lengkap dan sudah menghabiskan banyak waktu. Rapat hanya tersisa lima belas menit dan kelompok harus segera memutuskan konsep. | F4: Meminta Sinta menjelaskan pertimbangannya secara rinci agar kedua konsep dapat dibandingkan. | G4: Meyakinkan anggota lain bahwa konsepmu lebih baik karena kamu sudah banyak mengerjakannya. | H4: Mengikuti konsep Sinta tanpa berkomentar agar rapat cepat selesai. | I4: Mengajak kelompok memilih konsep melalui pemungutan suara. | J4: Most Effective | K4: Active Bad | L4: Passive Bad | M4: Sub-optimal | N4: 4 | O4: 2 | P4: 1 | Q4: 3 | R4: A | S4: C | T4: Kunci (A) mencerminkan pengambilan perspektif: alasan orang lain digali sebelum menilai, sehingga keputusan berbasis pertimbangan, bukan kepemilikan ide. Opsi D sub-optimal karena prosedurnya adil tetapi tidak menggali alasan, sehingga peluang memadukan ide hilang. Opsi B active bad karena menekan kelompok dengan argumen usaha pribadi. Opsi C passive bad karena mengalah tanpa menyampaikan pandangan, sehingga ide tidak dievaluasi. | U4: Ide yang kamu buat dengan susah payah belum tentu paling cocok. Pisahkan harga diri dari gagasan: tanyakan alasan orang lain, lalu cari titik temu. Sikap terbuka ini penting dalam tim magang dan proyek organisasi.
A5: SJT-KOL-04 | B5: Kolaborasi Tim & Lintas Fungsi | C5: Regulasi Sosial | D5: Mampu melakukan kompromi, negosiasi, dan pembagian peran untuk mencapai tujuan bersama | E5: Kamu dan tiga anggota UKM menyiapkan acara bakti sosial akhir bulan. Dua anggota ingin berfokus pada pengumpulan donasi, sedangkan dua lainnya ingin berfokus pada kegiatan lapangan. Perdebatan sudah berjalan dua kali rapat tanpa keputusan, dan waktu persiapan tinggal tiga minggu. Ketua UKM menyerahkan keputusan teknis kepada tim kalian. Kamu ingin acara berjalan baik tanpa ada anggota yang merasa pendapatnya diabaikan. | F5: Memilih pihak yang kamu anggap lebih berpengalaman lalu mengumumkan keputusannya ke seluruh tim. | G5: Menunda keputusan sampai rapat berikutnya agar semua pihak punya waktu berpikir lebih lama. | H5: Mengusulkan pembagian dua seksi sesuai minat masing-masing dengan target dan tenggat yang disepakati. | I5: Mengusulkan agar tim mengerjakan satu fokus dahulu, lalu fokus lainnya jika waktu masih cukup. | J5: Active Bad | K5: Passive Bad | L5: Most Effective | M5: Sub-optimal | N5: 2 | O5: 1 | P5: 4 | Q5: 3 | R5: C | S5: B | T5: Kunci (C) menunjukkan regulasi sosial: kompromi berbasis pembagian peran yang memadukan minat dan tujuan bersama dengan batas waktu jelas. Opsi D sub-optimal karena kompromi berurutan berisiko tidak terlaksana dan mengabaikan salah satu pihak. Opsi A active bad karena memutuskan sepihak dan menurunkan rasa memiliki. Opsi B passive bad karena perdebatan berlarut sementara sisa waktu persiapan menipis. | U5: Perbedaan prioritas dalam organisasi bisa diselesaikan lewat pembagian peran yang jelas. Latih dirimu mengusulkan solusi menang-menang dengan tenggat konkret; kemampuan bernegosiasi seperti ini membuatmu dipercaya memimpin proyek.
A6: SJT-KOL-05 | B6: Kolaborasi Tim & Lintas Fungsi | C6: Eskalasi Masalah / Komunikasi Atasan | D6: Melibatkan dosen atau atasan secara tepat setelah upaya langsung kepada rekan tim | E6: Sudah dua kali kamu dan ketua kelompok mengingatkan Rafi secara langsung untuk menyelesaikan bagian laporan praktikum yang menjadi tanggung jawabnya, tetapi ia terus menunda dengan berbagai alasan. Pengumpulan tinggal empat hari. Dosen pengampu membuka sesi konsultasi mingguan, dan kelompok lain pernah berkonsultasi soal pembagian kerja. Kamu ingin laporan selesai tepat waktu tanpa merusak hubungan dalam kelompok. | F6: Mengirim pesan kepada dosen berisi keluhan bahwa Rafi tidak bertanggung jawab tanpa melibatkan ketua kelompok. | G6: Bersama ketua kelompok, menyampaikan kendala pembagian kerja kepada dosen pada sesi konsultasi. | H6: Menawarkan diri membantu Rafi mengerjakan setengah bagiannya agar laporan terkejar. | I6: Mengerjakan bagian Rafi secara diam-diam agar tidak menimbulkan konflik. | J6: Active Bad | K6: Most Effective | L6: Sub-optimal | M6: Passive Bad | N6: 2 | O6: 4 | P6: 3 | Q6: 1 | R6: B | S6: D | T6: Kunci (B) mencerminkan eskalasi yang tepat: upaya langsung sudah dua kali dilakukan, sehingga melibatkan dosen bersama ketua kelompok bersifat transparan, fokus pada kendala, dan melalui jalur yang benar. Opsi C sub-optimal karena mengulang pendekatan yang belum berhasil dan menambah beban diri. Opsi A active bad karena melewati ketua kelompok dan bernada menuduh. Opsi D passive bad karena menutupi masalah tanpa transparansi. | U6: Eskalasi bukan tanda kegagalan, asalkan dilakukan setelah berbicara langsung, melalui pihak yang tepat, dan berfokus pada solusi. Kebiasaan ini melatih komunikasi profesional kepada atasan saat magang dan bekerja.
A7: SJT-KOM-01 | B7: Komunikasi | C7: Formulasi Pesan (Message Formulation) | D7: Merancang dan mengorganisasi pesan tertulis yang jelas sesuai konteks profesional | E7: Jadwal kuis di salah satu mata kuliahmu bertabrakan dengan kegiatan kepanitiaan kampus yang sudah kamu sepakati sebelumnya. Kamu ingin meminta jadwal kuis pengganti kepada dosen yang belum pernah kamu temui langsung. Dosen tersebut dikenal sibuk dan hanya membalas pesan pada jam kerja. Kamu ingin kesan pertamamu kepada dosen tetap baik dan permintaanmu mudah ditindaklanjuti. | F7: Mengirim pesan di aplikasi chat pribadi pada malam hari dengan bahasa santai. | G7: Menunggu sampai bertemu dosen di kelas untuk membicarakannya secara lisan. | H7: Menulis email formal yang menyebutkan identitas, alasan, dan usulan waktu pengganti secara jelas. | I7: Menulis email singkat yang menyatakan kamu berhalangan dan meminta jadwal pengganti. | J7: Active Bad | K7: Passive Bad | L7: Most Effective | M7: Sub-optimal | N7: 2 | O7: 1 | P7: 4 | Q7: 3 | R7: C | S7: B | T7: Kunci (C) menunjukkan formulasi pesan yang efektif: kanal formal, identitas jelas, alasan ringkas, dan usulan solusi sehingga dosen dapat langsung menindaklanjuti. Opsi D sub-optimal karena tidak memuat alternatif waktu sehingga perlu balasan berulang. Opsi A active bad karena kanal dan gaya bahasa tidak sesuai norma profesional-akademik. Opsi B passive bad karena menunda hingga tatap muka dan berisiko melewati batas waktu. | U7: Pesan kepada dosen atau atasan sebaiknya memuat salam, identitas, tujuan, alasan singkat, dan usulan solusi. Pesan yang lengkap menghemat waktu penerima dan mencerminkan profesionalisme sejak dini.
A8: SJT-KOM-02 | B8: Komunikasi | C8: Komunikasi Efektif dan Penyesuaian Audiens | D8: Mengekspresikan gagasan secara ringkas dan menyesuaikan gaya komunikasi dengan audiens | E8: Kamu mendapat giliran menjelaskan hasil proyek kelompok kepada mahasiswa jurusan lain dalam pameran kampus. Proyekmu penuh istilah teknis dari bidang studimu. Pengunjung hanya berhenti sekitar dua menit di setiap stan, dan beberapa tampak bingung saat kamu menjelaskan. Kamu ingin pengunjung benar-benar memahami manfaat proyekmu sebelum berpindah ke stan lain, dan kamu sadar waktumu sangat terbatas. | F8: Menjelaskan inti proyek dengan bahasa sehari-hari dan satu contoh sederhana yang dekat dengan pengunjung. | G8: Mengulang penjelasan teknis dengan suara lebih keras sampai pengunjung memahaminya. | H8: Membiarkan pengunjung membaca poster stan sendiri dan hanya menjawab jika ada yang bertanya. | I8: Membagikan brosur berisi penjelasan lengkap proyek kepada setiap pengunjung. | J8: Most Effective | K8: Active Bad | L8: Passive Bad | M8: Sub-optimal | N8: 4 | O8: 2 | P8: 1 | Q8: 3 | R8: A | S8: C | T8: Kunci (A) menunjukkan penyesuaian audiens: pesan diringkas, bahasa disederhanakan, dan contoh kontekstual dipakai agar mudah dipahami dalam waktu singkat. Opsi D sub-optimal karena brosur membantu tetapi tidak menjawab kebingungan langsung dalam interaksi dua menit. Opsi B active bad karena mengulang pesan yang sama tanpa mengubah pendekatan dan terkesan defensif. Opsi C passive bad karena menghindari tanggung jawab menyampaikan pesan. | U8: Komunikasi efektif bukan soal selengkap apa penjelasanmu, melainkan semudah apa audiens memahaminya. Latih menyampaikan inti gagasan dalam satu atau dua kalimat dengan contoh sehari-hari.
A9: SJT-KOM-03 | B9: Komunikasi | C9: Umpan Balik Pesan & Komunikasi (Message and Communication Feedback) | D9: Memahami audiens dan menginterpretasikan isyarat serta umpan balik lawan bicara | E9: Saat kamu menjelaskan rencana program kerja UKM kepada seorang senior pembimbing, ia beberapa kali melihat jam dan mengerutkan dahi, tetapi tidak berkata apa-apa. Kamu baru menyelesaikan setengah penjelasan, dan masih ada beberapa poin penting yang ingin kamu sampaikan. Kamu ingin program kerjamu mendapat dukungan, tetapi tidak ingin membuat senior merasa waktunya terbuang. | F9: Mempercepat bicara agar semua poin tetap tersampaikan dalam waktu singkat. | G9: Menghentikan penjelasan lebih awal tanpa menanyakan apa pun kepada senior. | H9: Melanjutkan penjelasan sesuai rencana awal karena semua poinnya penting dipahami senior. | I9: Bertanya kepada senior apakah waktunya cukup dan bagian mana yang ingin didahulukan. | J9: Sub-optimal | K9: Passive Bad | L9: Active Bad | M9: Most Effective | N9: 3 | O9: 1 | P9: 2 | Q9: 4 | R9: D | S9: B | T9: Kunci (D) menunjukkan kepekaan terhadap umpan balik non-verbal: isyarat dikonfirmasi lewat pertanyaan terbuka, lalu pesan diprioritaskan sesuai kebutuhan lawan bicara. Opsi A sub-optimal karena menyesuaikan kecepatan tanpa memverifikasi kebutuhan senior. Opsi C active bad karena mengabaikan isyarat dan memaksakan agenda sendiri. Opsi B passive bad karena menghindari klarifikasi sehingga poin penting tidak tersampaikan. | U9: Komunikasi berlangsung dua arah. Ketika lawan bicara menunjukkan isyarat terburu-buru atau tidak nyaman, cek dengan pertanyaan singkat daripada menebak atau memaksakan. Kepekaan ini sangat dihargai saat presentasi kepada atasan atau klien.
A10: SJT-KOM-04 | B10: Komunikasi | C10: Penyampaian & Penerimaan Informasi | D10: Mendengarkan secara aktif dan memastikan pemahaman instruksi dengan bertanya | E10: Dosen pengampu menjelaskan tugas observasi lapangan secara lisan di akhir kelas yang padat. Kamu hanya memahami sebagian instruksi, terutama soal format laporan dan batas waktunya. Dosen sudah bersiap meninggalkan ruangan, dan teman-temanmu langsung berkemas tanpa bertanya. Tugas ini berbobot cukup besar untuk nilai akhirmu dan dikumpulkan dua minggu lagi, sehingga kamu tidak ingin salah memahaminya. | F10: Meminta salinan instruksi dari teman yang tampak paham setelah kelas selesai. | G10: Meminta dosen mengulang bagian format laporan dan batas waktu sebelum beliau meninggalkan ruangan. | H10: Menunggu pengumuman tambahan di grup kelas dengan harapan instruksinya diulang. | I10: Menyimpulkan sendiri format dan batas waktunya berdasarkan tugas semester lalu. | J10: Sub-optimal | K10: Most Effective | L10: Passive Bad | M10: Active Bad | N10: 3 | O10: 4 | P10: 1 | Q10: 2 | R10: B | S10: C | T10: Kunci (B) mencerminkan penerimaan informasi yang aktif: ketidakjelasan diklarifikasi langsung kepada sumber otoritatif pada saat yang paling efisien. Opsi A sub-optimal karena informasi didapat dari pihak ketiga sehingga berisiko tidak akurat. Opsi D active bad karena mengisi kekosongan informasi dengan asumsi. Opsi C passive bad karena bergantung pada kemungkinan pengumuman ulang tanpa memastikan. | U10: Bertanya untuk memperjelas instruksi bukan tanda kurang pintar, melainkan tanda profesional. Klarifikasi di awal mencegah kerja ulang dan kesalahan, baik di kuliah maupun di tempat magang.
A11: SJT-KOM-05 | B11: Komunikasi | C11: Penyampaian Pesan (Message Delivery) | D11: Menyampaikan pesan yang sulit secara jelas, sopan, dan sesuai konteks | E11: Seorang senior di UKM memintamu menjadi penanggung jawab dokumentasi acara besar akhir bulan. Pada waktu yang sama kamu punya dua tugas kuliah besar dan ujian tengah semester. Kamu menghargai kepercayaan senior itu dan ingin menjaga hubungan baik, tetapi kamu tahu tidak akan mampu menjalankan peran tersebut dengan baik. Senior tersebut menunggu jawabanmu sebelum rapat panitia dimulai besok. | F11: Menerima tugas itu terlebih dahulu dan berharap ada anggota lain yang membantu nanti. | G11: Tidak membalas pesan senior tersebut sampai ia mencari orang lain. | H11: Menolak secara singkat dengan mengatakan kamu sedang sibuk. | I11: Menolak dengan sopan sambil menyebutkan batas waktumu dan peran lain yang masih sanggup kamu ambil. | J11: Active Bad | K11: Passive Bad | L11: Sub-optimal | M11: Most Effective | N11: 2 | O11: 1 | P11: 3 | Q11: 4 | R11: D | S11: B | T11: Kunci (D) menunjukkan komunikasi asertif: penolakan disampaikan sopan dengan alasan jelas dan alternatif kontribusi sehingga hubungan tetap terjaga. Opsi C sub-optimal karena jujur tetapi terlalu singkat dan berisiko terkesan tidak menghargai. Opsi A active bad karena janji yang tidak realistis merugikan acara dan reputasi. Opsi B passive bad karena menghindari percakapan dan membuat senior menunggu tanpa kepastian. | U11: Berkata tidak dengan sopan adalah bagian dari komunikasi profesional. Sampaikan keterbatasan dengan jelas dan tawarkan kontribusi alternatif. Cara ini lebih menjaga reputasi daripada menerima komitmen yang tidak bisa dipenuhi.
A12: SJT-BAK-01 | B12: Berpikir Analitis & Kritis | C12: Berpikir Kritis tentang Dunia (Critical Thinking about the World) | D12: Mengidentifikasi dan mengevaluasi keandalan sumber informasi | E12: Kamu mengerjakan tugas esai tentang tren pasar kerja bagi lulusan baru. Di media sosial, sebuah akun populer menyatakan bahwa sebagian besar lulusan jurusan tertentu menganggur, lengkap dengan grafik menarik tanpa mencantumkan sumber data. Teman satu kelompokmu ingin memakai grafik itu sebagai argumen utama esai karena tampak meyakinkan. Esai itu akan dinilai dari ketepatan argumen dan kualitas sumber yang kamu gunakan. | F12: Menelusuri sumber asli data tersebut pada situs lembaga resmi sebelum memutuskan memakainya. | G12: Memakai grafik itu karena sudah dibagikan ribuan kali dan dianggap banyak orang benar. | H12: Menyerahkan keputusan penggunaan grafik itu kepada teman satu kelompokmu. | I12: Menambahkan keterangan menurut akun media sosial pada grafik agar sumbernya jelas. | J12: Most Effective | K12: Active Bad | L12: Passive Bad | M12: Sub-optimal | N12: 4 | O12: 2 | P12: 1 | Q12: 3 | R12: A | S12: C | T12: Kunci (A) menunjukkan berpikir kritis terhadap sumber: klaim diverifikasi ke sumber primer yang kredibel sebelum dijadikan dasar argumen. Opsi D sub-optimal karena transparan soal sumber, tetapi tetap memakai data yang belum terverifikasi. Opsi B active bad karena popularitas bukan bukti kebenaran (bias bandwagon). Opsi C passive bad karena menghindari tanggung jawab mengevaluasi informasi. | U12: Jangan menilai kebenaran informasi dari seberapa banyak orang membagikannya. Biasakan menelusuri sumber asli, penerbit datanya, dan metodenya. Kebiasaan ini membuat argumenmu kuat dalam tugas kuliah maupun laporan kerja.
A13: SJT-BAK-02 | B13: Berpikir Analitis & Kritis | C13: Identifikasi Masalah dan Evaluasi Alternatif Solusi | D13: Menganalisis akar penyebab masalah dan mengevaluasi fakta objektif | E13: Kamu pengurus UKM yang menyelenggarakan seminar. Pendaftar hanya 30 orang dari target 100, padahal poster sudah disebar di media sosial selama dua minggu. Beberapa pengurus langsung berpendapat bahwa temanya kurang menarik dan ingin menggantinya, meskipun belum ada data tentang penyebab rendahnya pendaftaran. Rapat evaluasi akan diadakan besok, dan ketua UKM meminta masukan dari seluruh pengurus. | F13: Menyetujui penggantian tema karena sebagian besar pengurus sudah merasa yakin. | G13: Menambah frekuensi unggahan poster di semua media sosial agar lebih banyak orang melihatnya. | H13: Mengusulkan pengecekan data jangkauan poster dan alasan calon peserta belum mendaftar sebelum mengubah apa pun. | I13: Menunggu beberapa hari lagi untuk melihat apakah pendaftar bertambah dengan sendirinya. | J13: Active Bad | K13: Sub-optimal | L13: Most Effective | M13: Passive Bad | N13: 2 | O13: 3 | P13: 4 | Q13: 1 | R13: C | S13: D | T13: Kunci (C) menunjukkan analisis akar masalah berbasis data: hipotesis diuji dengan fakta (jangkauan, minat) sebelum solusi dipilih. Opsi B sub-optimal karena menyasar satu kemungkinan penyebab tanpa bukti. Opsi A active bad karena keputusan diambil dari konsensus opini, bukan data. Opsi D passive bad karena menunggu tanpa informasi baru sementara waktu persiapan berkurang. | U13: Sebelum mencari solusi, pastikan kamu tahu penyebab masalahnya. Kumpulkan data sederhana seperti jumlah penayangan atau hasil bertanya kepada calon peserta. Berpikir berbasis bukti mencegah keputusan tergesa-gesa dan pemborosan sumber daya.
... A41: SJT-ADP-05 | B41: Adaptabilitas | C41: Fleksibilitas & Manajemen Perubahan | D41: Menyesuaikan diri terhadap perubahan metode kerja jarak jauh dan teknologi baru | E41: Kampusmu beralih ke pembelajaran daring selama dua minggu karena renovasi gedung. Kamu lebih suka belajar tatap muka dan merasa sulit fokus di rumah. Tugas dan kuis tetap berjalan seperti biasa, dan dosen mulai memakai platform diskusi daring yang belum kamu kenal. Dosen meminta semua mahasiswa aktif berdiskusi di platform itu dan partisipasi masuk dalam penilaian. | F41: Menunda belajar dengan alasan suasana rumah kurang mendukung sampai kuliah tatap muka kembali. | G41: Menyampaikan keberatan kepada dosen agar penggunaan platform daring baru dihentikan. | H41: Menyusun rutinitas belajar daring terjadwal yang mencakup waktu mencoba fitur platform baru. | I41: Mengikuti kuliah daring seperlunya dan mengerjakan tugas saat mendekati tenggat. | J41: Passive Bad | K41: Active Bad | L41: Most Effective | M41: Sub-optimal | N41: 1 | O41: 2 | P41: 4 | Q41: 3 | R41: C | S41: A | T41: Kunci (C) menunjukkan adaptasi terhadap perubahan metode kerja: rutinitas baru dibangun terstruktur dan teknologi baru dieksplorasi sejak awal. Opsi D sub-optimal karena menyesuaikan seadanya sehingga kualitas belajar menurun. Opsi B active bad karena menolak perubahan yang bersifat mandat dan merepotkan dosen. Opsi A passive bad karena menunda belajar sambil menunggu kondisi ideal. | U41: Kerja jarak jauh dan hybrid sudah umum di dunia kerja. Latih diri dengan jadwal terstruktur dan cobalah teknologi baru sedini mungkin. Kemampuan menyesuaikan metode kerja membuatmu tetap produktif dalam kondisi apa pun.

Sheet Blueprint
A1: Target_Skill | B1: Jumlah Item | C1: Proporsi | D1: Kunci A | E1: Kunci B | F1: Kunci C | G1: Kunci D | H1: Least A | I1: Least B | J1: Least C | K1: Least D
A2: Kolaborasi Tim & Lintas Fungsi | B2: =COUNTIF(Item_SJT!$B$2:$B$41,A2) -> 5 | C2: =B2/$B$10 -> 0.125 | D2: =COUNTIFS(Item_SJT!$B$2:$B$41,$A2,Item_SJT!$R$2:$R$41,"A") -> 1 | E2: =COUNTIFS(Item_SJT!$B$2:$B$41,$A2,Item_SJT!$R$2:$R$41,"B") -> 2 | F2: =COUNTIFS(Item_SJT!$B$2:$B$41,$A2,Item_SJT!$R$2:$R$41,"C") -> 1 | G2: =COUNTIFS(Item_SJT!$B$2:$B$41,$A2,Item_SJT!$R$2:$R$41,"D") -> 1 | H2: =COUNTIFS(Item_SJT!$B$2:$B$41,$A2,Item_SJT!$S$2:$S$41,"A") -> 1 | I2: =COUNTIFS(Item_SJT!$B$2:$B$41,$A2,Item_SJT!$S$2:$S$41,"B") -> 1 | J2: =COUNTIFS(Item_SJT!$B$2:$B$41,$A2,Item_SJT!$S$2:$S$41,"C") -> 1 | K2: =COUNTIFS(Item_SJT!$B$2:$B$41,$A2,Item_SJT!$S$2:$S$41,"D") -> 2
A3: Komunikasi | B3: =COUNTIF(Item_SJT!$B$2:$B$41,A3) -> 5 | C3: =B3/$B$10 -> 0.125 | D3: =COUNTIFS(Item_SJT!$B$2:$B$41,$A3,Item_SJT!$R$2:$R$41,"A") -> 1 | E3: =COUNTIFS(Item_SJT!$B$2:$B$41,$A3,Item_SJT!$R$2:$R$41,"B") -> 1 | F3: =COUNTIFS(Item_SJT!$B$2:$B$41,$A3,Item_SJT!$R$2:$R$41,"C") -> 1 | G3: =COUNTIFS(Item_SJT!$B$2:$B$41,$A3,Item_SJT!$R$2:$R$41,"D") -> 2 | H3: =COUNTIFS(Item_SJT!$B$2:$B$41,$A3,Item_SJT!$S$2:$S$41,"A") -> 0 | I3: =COUNTIFS(Item_SJT!$B$2:$B$41,$A3,Item_SJT!$S$2:$S$41,"B") -> 3 | J3: =COUNTIFS(Item_SJT!$B$2:$B$41,$A3,Item_SJT!$S$2:$S$41,"C") -> 2 | K3: =COUNTIFS(Item_SJT!$B$2:$B$41,$A3,Item_SJT!$S$2:$S$41,"D") -> 0
A4: Berpikir Analitis & Kritis | B4: =COUNTIF(Item_SJT!$B$2:$B$41,A4) -> 5 | C4: =B4/$B$10 -> 0.125 | D4: =COUNTIFS(Item_SJT!$B$2:$B$41,$A4,Item_SJT!$R$2:$R$41,"A") -> 1 | E4: =COUNTIFS(Item_SJT!$B$2:$B$41,$A4,Item_SJT!$R$2:$R$41,"B") -> 1 | F4: =COUNTIFS(Item_SJT!$B$2:$B$41,$A4,Item_SJT!$R$2:$R$41,"C") -> 2 | G4: =COUNTIFS(Item_SJT!$B$2:$B$41,$A4,Item_SJT!$R$2:$R$41,"D") -> 1 | H4: =COUNTIFS(Item_SJT!$B$2:$B$41,$A4,Item_SJT!$S$2:$S$41,"A") -> 1 | I4: =COUNTIFS(Item_SJT!$B$2:$B$41,$A4,Item_SJT!$S$2:$S$41,"B") -> 1 | J4: =COUNTIFS(Item_SJT!$B$2:$B$41,$A4,Item_SJT!$S$2:$S$41,"C") -> 1 | K4: =COUNTIFS(Item_SJT!$B$2:$B$41,$A4,Item_SJT!$S$2:$S$41,"D") -> 2
A5: Problem Solving | B5: =COUNTIF(Item_SJT!$B$2:$B$41,A5) -> 5 | C5: =B5/$B$10 -> 0.125 | D5: =COUNTIFS(Item_SJT!$B$2:$B$41,$A5,Item_SJT!$R$2:$R$41,"A") -> 2 | E5: =COUNTIFS(Item_SJT!$B$2:$B$41,$A5,Item_SJT!$R$2:$R$41,"B") -> 1 | F5: =COUNTIFS(Item_SJT!$B$2:$B$41,$A5,Item_SJT!$R$2:$R$41,"C") -> 1 | G5: =COUNTIFS(Item_SJT!$B$2:$B$41,$A5,Item_SJT!$R$2:$R$41,"D") -> 1 | H5: =COUNTIFS(Item_SJT!$B$2:$B$41,$A5,Item_SJT!$S$2:$S$41,"A") -> 0 | I5: =COUNTIFS(Item_SJT!$B$2:$B$41,$A5,Item_SJT!$S$2:$S$41,"B") -> 2 | J5: =COUNTIFS(Item_SJT!$B$2:$B$41,$A5,Item_SJT!$S$2:$S$41,"C") -> 1 | K5: =COUNTIFS(Item_SJT!$B$2:$B$41,$A5,Item_SJT!$S$2:$S$41,"D") -> 2
A6: Kemauan Belajar & Rasa Ingin Tahu | B6: =COUNTIF(Item_SJT!$B$2:$B$41,A6) -> 5 | C6: =B6/$B$10 -> 0.125 | D6: =COUNTIFS(Item_SJT!$B$2:$B$41,$A6,Item_SJT!$R$2:$R$41,"A") -> 2 | E6: =COUNTIFS(Item_SJT!$B$2:$B$41,$A6,Item_SJT!$R$2:$R$41,"B") -> 1 | F6: =COUNTIFS(Item_SJT!$B$2:$B$41,$A6,Item_SJT!$R$2:$R$41,"C") -> 1 | G6: =COUNTIFS(Item_SJT!$B$2:$B$41,$A6,Item_SJT!$R$2:$R$41,"D") -> 1 | H6: =COUNTIFS(Item_SJT!$B$2:$B$41,$A6,Item_SJT!$S$2:$S$41,"A") -> 1 | I6: =COUNTIFS(Item_SJT!$B$2:$B$41,$A6,Item_SJT!$S$2:$S$41,"B") -> 2 | J6: =COUNTIFS(Item_SJT!$B$2:$B$41,$A6,Item_SJT!$S$2:$S$41,"C") -> 1 | K6: =COUNTIFS(Item_SJT!$B$2:$B$41,$A6,Item_SJT!$S$2:$S$41,"D") -> 1
A7: Ketelitian (Attention to Detail) | B7: =COUNTIF(Item_SJT!$B$2:$B$41,A7) -> 5 | C7: =B7/$B$10 -> 0.125 | D7: =COUNTIFS(Item_SJT!$B$2:$B$41,$A7,Item_SJT!$R$2:$R$41,"A") -> 1 | E7: =COUNTIFS(Item_SJT!$B$2:$B$41,$A7,Item_SJT!$R$2:$R$41,"B") -> 1 | F7: =COUNTIFS(Item_SJT!$B$2:$B$41,$A7,Item_SJT!$R$2:$R$41,"C") -> 1 | G7: =COUNTIFS(Item_SJT!$B$2:$B$41,$A7,Item_SJT!$R$2:$R$41,"D") -> 2 | H7: =COUNTIFS(Item_SJT!$B$2:$B$41,$A7,Item_SJT!$S$2:$S$41,"A") -> 2 | I7: =COUNTIFS(Item_SJT!$B$2:$B$41,$A7,Item_SJT!$S$2:$S$41,"B") -> 0 | J7: =COUNTIFS(Item_SJT!$B$2:$B$41,$A7,Item_SJT!$S$2:$S$41,"C") -> 3 | K7: =COUNTIFS(Item_SJT!$B$2:$B$41,$A7,Item_SJT!$S$2:$S$41,"D") -> 0
A8: Inisiatif & Proaktif | B8: =COUNTIF(Item_SJT!$B$2:$B$41,A8) -> 5 | C8: =B8/$B$10 -> 0.125 | D8: =COUNTIFS(Item_SJT!$B$2:$B$41,$A8,Item_SJT!$R$2:$R$41,"A") -> 1 | E8: =COUNTIFS(Item_SJT!$B$2:$B$41,$A8,Item_SJT!$R$2:$R$41,"B") -> 2 | F8: =COUNTIFS(Item_SJT!$B$2:$B$41,$A8,Item_SJT!$R$2:$R$41,"C") -> 1 | G8: =COUNTIFS(Item_SJT!$B$2:$B$41,$A8,Item_SJT!$R$2:$R$41,"D") -> 1 | H8: =COUNTIFS(Item_SJT!$B$2:$B$41,$A8,Item_SJT!$S$2:$S$41,"A") -> 4 | I8: =COUNTIFS(Item_SJT!$B$2:$B$41,$A8,Item_SJT!$S$2:$S$41,"B") -> 1 | J8: =COUNTIFS(Item_SJT!$B$2:$B$41,$A8,Item_SJT!$S$2:$S$41,"C") -> 0 | K8: =COUNTIFS(Item_SJT!$B$2:$B$41,$A8,Item_SJT!$S$2:$S$41,"D") -> 0
A9: Adaptabilitas | B9: =COUNTIF(Item_SJT!$B$2:$B$41,A9) -> 5 | C9: =B9/$B$10 -> 0.125 | D9: =COUNTIFS(Item_SJT!$B$2:$B$41,$A9,Item_SJT!$R$2:$R$41,"A") -> 1 | E9: =COUNTIFS(Item_SJT!$B$2:$B$41,$A9,Item_SJT!$R$2:$R$41,"B") -> 1 | F9: =COUNTIFS(Item_SJT!$B$2:$B$41,$A9,Item_SJT!$R$2:$R$41,"C") -> 2 | G9: =COUNTIFS(Item_SJT!$B$2:$B$41,$A9,Item_SJT!$R$2:$R$41,"D") -> 1 | H9: =COUNTIFS(Item_SJT!$B$2:$B$41,$A9,Item_SJT!$S$2:$S$41,"A") -> 2 | I9: =COUNTIFS(Item_SJT!$B$2:$B$41,$A9,Item_SJT!$S$2:$S$41,"B") -> 2 | J9: =COUNTIFS(Item_SJT!$B$2:$B$41,$A9,Item_SJT!$S$2:$S$41,"C") -> 1 | K9: =COUNTIFS(Item_SJT!$B$2:$B$41,$A9,Item_SJT!$S$2:$S$41,"D") -> 0
A10: Total | B10: =SUM(B2:B9) -> 40 | C10: =SUM(C2:C9) -> 1 | D10: =SUM(D2:D9) -> 10 | E10: =SUM(E2:E9) -> 10 | F10: =SUM(F2:F9) -> 10 | G10: =SUM(G2:G9) -> 10 | H10: =SUM(H2:H9) -> 11 | I10: =SUM(I2:I9) -> 12 | ... K10: =SUM(K2:K9) -> 7
A12: Catatan: blueprint proporsi sama (12,5% per skill, 5 item per skill) mengikuti sumber 6 pada matriks konstruk; distribusi posisi kunci diseimbangkan (10 item per huruf).

Sheet Petunjuk_Skoring
A1: PETUNJUK RESPONDEN (Should-Do)
A2: Setiap soal menyajikan satu situasi dan empat pilihan tindakan (A–D). Bayangkan kamu berada di situasi tersebut, lalu pilih:
A3: 1. Satu tindakan yang PALING EFEKTIF untuk dilakukan.
A4: 2. Satu tindakan yang KURANG EFEKTIF untuk dilakukan.
A5: Tidak ada nilai benar-salah yang menghakimi; hasil dipakai untuk pemetaan kesiapan karir dan umpan balik pengembangan.
A7: SPEKTRUM EFEKTIVITAS & BOBOT KUNCI
A8: Most Effective = 4 | Sub-optimal = 3 | Active Bad = 2 | Passive Bad = 1
A9: Most_Effective_Key = opsi berbobot 4. Least_Effective_Key = opsi berbobot 1 (Passive Bad, yaitu menghindari/menunda).
A11: USULAN SKOR PER ITEM (dapat disesuaikan dengan keputusan psikometrik tim)
A12: Skor item = Bobot opsi yang dipilih sebagai PALING efektif + (5 − Bobot opsi yang dipilih sebagai KURANG efektif). Rentang 2–8.
A13: Skor skill = jumlah skor 5 item pada skill tersebut (rentang 10–40), lalu dikonversi ke persentase dari skor maksimum.
A15: CATATAN PENGEMBANGAN
A16: Seluruh kunci bersifat draf awal berbasis penalaran pakar. Sebelum dipakai operasional, lakukan telaah Subject Matter Expert (SME), uji keterbacaan pada mahasiswa semester 1–4, dan analisis butir (daya beda, distribusi pilihan) pada data uji coba.
